{
  "project_info": {
    "project_number": "245658745105",
    "project_id": "makangratis-b6fa6",
    "storage_bucket": "makangratis-b6fa6.firebasestorage.app"
  },
  "client": [
    {
      "client_info": {
        "mobilesdk_app_id": "1:245658745105:android:0931d793ec6198b115b4b0",
        "android_client_info": {
          "package_name": "com.example.project_makangratis"
        }
      },
      "oauth_client": [],
      "api_key": [
        {
          "current_key": "AIzaSyDjIhcj0A2luBmGCZ9zrrcFfIwE0a9bYP4"
        }
      ],
      "services": {
        "appinvite_service": {
          "other_platform_oauth_client": []
        }
      }
    }
  ],
  "configuration_version": "1"
}