{"flutter":{"platforms":{"android":{"default":{"projectId":"makangratis-b6fa6","appId":"1:245658745105:android:0931d793ec6198b115b4b0","fileOutput":"android/app/google-services.json"}},"dart":{"lib/firebase_options.dart":{"projectId":"makangratis-b6fa6","configurations":{"android":"1:245658745105:android:0931d793ec6198b115b4b0","ios":"1:245658745105:ios:319dfd80864247c415b4b0","macos":"1:245658745105:ios:319dfd80864247c415b4b0","web":"1:245658745105:web:4576b853a092e7d415b4b0","windows":"1:245658745105:web:438161307ed61ff815b4b0"}}}}}}